dataset,problem,file,lines,raw_nodes
all_py,1005,787480.py,16,397
all_py,1005,797858.py,22,710
all_py,1005,741180.py,26,764
all_py,1005,699984.py,38,849
all_py,1005,696208.py,46,1621
all_py,1006,149231.py,9,311
all_py,1006,687148.py,19,430
all_py,1006,682130.py,15,501
all_py,1006,147901.py,17,541
all_py,1006,143425.py,30,1022
all_py,1028,801230.py,26,444
all_py,1028,753801.py,14,479
all_py,1028,766791.py,22,523
all_py,1028,766100.py,21,620
all_py,1028,695584.py,37,704
all_py,1034,711820.py,23,524
all_py,1034,781465.py,29,594
all_py,1034,695714.py,45,796
all_py,1037,147491.py,12,561
all_py,1037,147512.py,13,596
all_py,1037,798713.py,22,707
all_py,1037,695711.py,36,813
all_py,1037,793058.py,53,1437
all_py,1039,685618.py,8,200
all_py,1039,744651.py,14,328
all_py,1039,757925.py,22,366
all_py,1039,802164.py,11,434
all_py,1039,755303.py,12,790
all_py,1046,681452.py,40,893
all_py,1046,746691.py,47,1148
all_py,1046,681701.py,57,1282
all_py,1046,756109.py,68,1411
all_py,1046,759546.py,77,1686
all_py,1047,696337.py,19,563
all_py,1047,720408.py,31,887
all_py,1047,695705.py,49,1257
all_py,1048,728722.py,22,510
all_py,1048,725902.py,27,511
all_py,1048,695709.py,26,577
all_py,1049,761808.py,38,1552
all_py,1050,695701.py,7,168
all_py,1050,759963.py,8,256
all_py,1050,696520.py,12,370
all_py,1050,141108.py,17,528
all_py,1050,141071.py,29,800
all_py,1051,145588.py,17,387
all_py,1051,686574.py,21,466
all_py,1051,749479.py,38,562
all_py,1051,749138.py,24,619
all_py,1051,738424.py,43,867
all_py,1052,739098.py,26,685
all_py,1053,739100.py,48,1024
all_py,1053,797086.py,41,1081
all_py,1053,793714.py,51,1336
all_py,1053,741906.py,53,1357
all_py,1053,782174.py,55,1470
all_py,1054,769506.py,69,1550
all_py,1054,761824.py,73,1617
all_py,1055,681443.py,48,1155
all_py,1055,681898.py,76,1493
all_py,1055,686605.py,66,1545
all_py,1055,686347.py,76,1774
all_py,1055,681842.py,60,1890
all_py,1060,741569.py,46,1560
all_py,1084,752866.py,11,417
all_py,1084,793062.py,19,604
all_py,1084,756614.py,26,738
all_py,1084,755358.py,25,875
all_py,1084,752694.py,44,1083
all_py,1085,727065.py,36,670
all_py,1085,723940.py,24,750
all_py,1085,781468.py,29,957
all_py,1085,727904.py,35,1022
all_py,1085,724988.py,54,1259
all_py,1087,697384.py,9,325
all_py,1087,797375.py,12,370
all_py,1087,797092.py,22,583
all_py,1087,784824.py,26,669
all_py,1088,144778.py,12,513
all_py,1088,144757.py,14,591
all_py,1088,144749.py,16,610
all_py,1088,145470.py,16,611
all_py,1088,144920.py,31,726
all_py,1092,713351.py,26,845
all_py,1092,763948.py,35,1029
all_py,1092,713348.py,40,1276
all_py,1093,780086.py,7,359
all_py,1093,723960.py,19,597
all_py,1093,780211.py,28,772
all_py,1093,780164.py,43,1344
all_py,1093,725226.py,79,1842
all_py,1118,753505.py,21,357
all_py,1118,756398.py,25,489
all_py,1118,756108.py,39,551
all_py,1118,754608.py,46,618
all_py,1118,758318.py,55,1173
all_py,1120,741497.py,62,1486
all_py,1123,753615.py,17,725
all_py,1123,752594.py,34,973
all_py,1123,752725.py,49,1122
all_py,1123,755811.py,55,1396
all_py,1123,756582.py,73,1714
all_py,1124,766346.py,10,273
all_py,1124,721042.py,9,290
all_py,1124,719681.py,22,468
all_py,1125,766348.py,8,240
all_py,1125,720817.py,16,461
all_py,1129,690585.py,43,1274
all_py,1129,692498.py,52,1394
all_py,1129,681662.py,56,1425
all_py,1129,686648.py,67,1650
all_py,1129,681837.py,48,1760
all_py,1140,762042.py,31,1091
all_py,1141,698129.py,33,1250
all_py,1141,703557.py,61,1651
all_py,1147,767192.py,22,444
all_py,1147,762214.py,21,636
all_py,1148,696430.py,14,403
all_py,1148,691327.py,24,516
all_py,1148,681902.py,28,582
all_py,1148,748848.py,29,685
all_py,1148,757411.py,48,1410
all_py,1149,793633.py,7,383
all_py,1149,793311.py,21,573
all_py,1149,793520.py,23,594
all_py,1149,793344.py,33,602
all_py,1149,793460.py,32,971
all_py,1150,762218.py,20,941
all_py,1178,144981.py,18,490
all_py,1191,145633.py,11,312
all_py,1191,145405.py,17,494
all_py,1191,146902.py,22,608
all_py,1191,144999.py,17,695
all_py,1191,698163.py,27,702
all_py,1192,714004.py,15,625
all_py,1195,762396.py,58,1841
all_py,1214,741489.py,55,1000
all_py,1215,712512.py,14,334
all_py,1215,766092.py,20,390
all_py,1215,789987.py,17,801
all_py,1216,755810.py,12,401
all_py,1216,704541.py,20,560
all_py,1216,753477.py,22,652
all_py,1216,755137.py,29,793
all_py,1216,755390.py,47,1012
all_py,1217,720399.py,37,1137
all_py,1218,784034.py,16,408
all_py,1218,783970.py,21,531
all_py,1218,784182.py,28,578
all_py,1218,784343.py,27,631
all_py,1218,784230.py,36,747
all_py,1219,797932.py,17,678
all_py,1219,798165.py,35,842
all_py,1219,771848.py,33,928
all_py,1219,762472.py,42,1332
all_py,1253,733064.py,16,482
all_py,1253,772779.py,22,615
all_py,1253,720535.py,21,638
all_py,1254,761613.py,20,452
all_py,1254,711324.py,21,592
all_py,1254,711303.py,22,616
all_py,1258,772784.py,12,276
all_py,1258,776266.py,13,356
all_py,1258,776838.py,16,414
all_py,1258,696137.py,12,432
all_py,1258,776760.py,39,559
all_py,1263,775057.py,12,359
all_py,1263,129499.py,15,410
all_py,1263,774768.py,22,453
all_py,1263,775084.py,26,502
all_py,1263,774770.py,63,1562
all_py,1264,773728.py,4,313
all_py,1264,712830.py,14,513
all_py,1264,711848.py,29,609
all_py,1264,773726.py,34,741
all_py,1264,712822.py,50,1086
all_py,1265,130245.py,4,182
all_py,1265,801929.py,7,236
all_py,1265,769058.py,7,266
all_py,1265,137835.py,8,331
all_py,1265,145327.py,18,539
all_py,1266,798794.py,9,320
all_py,1266,128994.py,9,374
all_py,1266,129414.py,14,430
all_py,1266,714774.py,23,546
all_py,1266,715442.py,24,762
all_py,1272,729458.py,33,642
all_py,1272,131235.py,29,937
all_py,1272,131028.py,30,1032
all_py,1273,145007.py,20,791
all_py,1274,145545.py,10,344
all_py,1274,737607.py,19,421
all_py,1274,765788.py,30,805
all_py,1275,131236.py,12,375
all_py,1275,141994.py,23,638
all_py,1275,142074.py,24,676
all_py,1275,146764.py,35,837
all_py,1275,142679.py,38,1832
all_py,1276,721044.py,34,1036
all_py,1283,132459.py,6,165
all_py,1283,761592.py,12,230
all_py,1283,762204.py,9,311
all_py,1288,746931.py,39,961
all_py,1295,128505.py,19,403
all_py,1295,704338.py,16,467
all_py,1296,148315.py,4,182
all_py,1296,148325.py,8,290
all_py,1296,148303.py,9,316
all_py,1296,150056.py,7,389
all_py,1296,148354.py,21,612
all_py,1297,150140.py,2,100
all_py,1297,143358.py,5,172
all_py,1297,143281.py,7,185
all_py,1297,150053.py,5,257
all_py,1297,143748.py,13,440
all_py,1298,144006.py,5,157
all_py,1298,144068.py,11,217
all_py,1298,144036.py,9,304
all_py,1298,144460.py,12,389
all_py,1298,144392.py,26,735
all_py,1299,148316.py,7,304
all_py,1299,732217.py,11,404
all_py,1299,799042.py,12,441
all_py,1299,731401.py,13,494
all_py,1299,732768.py,29,782
all_py,1300,755626.py,8,210
all_py,1300,143882.py,8,291
all_py,1300,139900.py,13,326
all_py,1300,683504.py,20,392
all_py,1300,684790.py,29,670
all_py,1301,711292.py,27,785
all_py,1302,736211.py,38,822
all_py,1302,744473.py,42,892
all_py,1316,143928.py,9,358
all_py,1316,148523.py,11,426
all_py,1316,147914.py,13,497
all_py,1316,140284.py,33,691
all_py,1316,141556.py,33,1107
all_py,1319,724507.py,25,611
all_py,1319,738793.py,22,768
all_py,1319,147707.py,26,877
all_py,1320,732967.py,16,784
all_py,1320,773622.py,23,802
all_py,1320,713356.py,23,967
all_py,1320,798776.py,25,970
all_py,1321,790836.py,25,448
all_py,1321,790826.py,19,539
all_py,1321,790848.py,19,571
all_py,1321,714746.py,29,728
all_py,1321,791346.py,28,1100
all_py,1322,773621.py,25,481
all_py,1322,684729.py,20,611
all_py,1322,684690.py,18,677
all_py,1322,682091.py,27,797
all_py,1322,683371.py,52,1805
all_py,1324,686841.py,12,462
all_py,1324,682671.py,17,548
all_py,1324,684825.py,27,613
all_py,1324,684498.py,21,682
all_py,1324,684023.py,39,944
all_py,1325,745435.py,23,483
all_py,1325,745192.py,28,691
all_py,1325,745762.py,36,760
all_py,1325,744410.py,28,841
all_py,1325,746416.py,44,1185
all_py,1326,766034.py,39,1063
all_py,1327,683045.py,11,404
all_py,1327,682656.py,19,532
all_py,1327,684697.py,20,585
all_py,1327,683931.py,28,661
all_py,1327,684615.py,39,1170
all_py,1335,712546.py,14,362
all_py,1335,765896.py,27,532
all_py,1335,696111.py,29,617
all_py,1336,726527.py,16,354
all_py,1336,778507.py,18,432
all_py,1336,724640.py,22,521
all_py,1336,726691.py,30,653
all_py,1336,776903.py,60,1844
all_py,1337,720157.py,3,92
all_py,1337,712157.py,23,677
all_py,1337,720352.py,32,820
all_py,1337,718220.py,47,935
all_py,1337,719648.py,49,1273
all_py,1338,776320.py,16,551
all_py,1338,776166.py,37,654
all_py,1338,776540.py,36,897
all_py,1338,139727.py,34,1242
all_py,1338,776530.py,52,1424
all_py,1339,802151.py,25,535
all_py,1339,724630.py,27,682
all_py,1339,727106.py,31,732
all_py,1339,726568.py,44,858
all_py,1339,724609.py,41,1205
all_py,1340,724665.py,19,781
all_py,1340,766312.py,43,1206
all_py,1340,727303.py,23,1308
all_py,1340,726579.py,23,1339
all_py,1340,727325.py,62,1536
all_py,1342,786715.py,10,332
all_py,1342,136297.py,9,370
all_py,1342,711783.py,12,392
all_py,1342,766485.py,42,1396
all_py,1343,743084.py,14,332
all_py,1343,746906.py,16,394
all_py,1343,743909.py,20,456
all_py,1343,743511.py,24,503
all_py,1343,742501.py,23,673
all_py,1344,742636.py,29,499
all_py,1344,743486.py,30,637
all_py,1344,743911.py,28,687
all_py,1344,743088.py,28,754
all_py,1344,743546.py,46,1098
all_py,1347,724687.py,18,504
all_py,1347,726477.py,18,657
all_py,1347,726468.py,43,860
all_py,1347,727374.py,45,1181
all_py,1347,727127.py,63,1541
all_py,1351,713583.py,22,730
all_py,1372,771668.py,2,149
all_py,1372,772847.py,5,196
all_py,1372,770594.py,7,220
all_py,1372,770323.py,11,264
all_py,1372,792059.py,27,344
all_py,1374,702635.py,2,170
all_py,1374,799808.py,8,258
all_py,1374,724435.py,11,337
all_py,1374,711958.py,23,412
all_py,1374,801408.py,13,584
all_py,1379,145544.py,7,203
all_py,1379,145393.py,9,252
all_py,1379,145021.py,12,286
all_py,1379,145512.py,13,313
all_py,1379,146890.py,13,539
all_py,1380,726240.py,19,381
all_py,1380,727186.py,53,475
all_py,1380,778622.py,34,549
all_py,1380,725587.py,30,685
all_py,1380,778549.py,49,1051
all_py,1381,714006.py,16,491
all_py,1383,687033.py,16,587
all_py,1383,686567.py,27,688
all_py,1383,750377.py,48,752
all_py,1383,138268.py,27,893
all_py,1383,682995.py,57,1348
all_py,1385,705234.py,17,343
all_py,1386,784846.py,38,776
all_py,1386,750817.py,52,1021
all_py,1386,691291.py,51,1111
all_py,1386,771577.py,71,1207
all_py,1386,748654.py,90,1793
all_py,1387,761588.py,18,402
all_py,1387,696151.py,17,420
all_py,1387,798829.py,19,466
all_py,1387,694770.py,25,529
all_py,1387,695133.py,22,568
all_py,1388,715655.py,15,446
all_py,1389,755628.py,8,159
all_py,1389,711245.py,7,219
all_py,1389,694936.py,11,251
all_py,1389,136329.py,10,253
all_py,1389,696057.py,10,300
all_py,1394,708628.py,6,323
all_py,1394,709807.py,25,519
all_py,1394,150287.py,18,573
all_py,1394,708422.py,27,679
all_py,1394,150293.py,33,922
all_py,1395,149976.py,8,235
all_py,1395,149561.py,8,244
all_py,1395,149726.py,8,267
all_py,1395,150063.py,7,270
all_py,1395,713605.py,15,391
all_py,1396,774087.py,8,208
all_py,1396,684582.py,14,293
all_py,1396,684393.py,18,338
all_py,1396,681955.py,25,388
all_py,1396,773844.py,32,629
all_py,1397,137462.py,16,406
all_py,1397,723605.py,14,419
all_py,1397,136512.py,18,533
all_py,1397,135832.py,22,689
all_py,1397,136453.py,39,1071
all_py,1398,778954.py,29,1494
all_py,1401,708412.py,11,435
all_py,1401,708367.py,15,534
all_py,1401,704362.py,27,619
all_py,1401,706012.py,32,784
all_py,1401,709892.py,42,1060
all_py,1403,731169.py,23,594
all_py,1404,723833.py,27,722
all_py,1405,720246.py,26,799
all_py,1406,144321.py,10,435
all_py,1406,143766.py,14,502
all_py,1406,143345.py,16,569
all_py,1406,143593.py,20,620
all_py,1406,144399.py,28,916
all_py,1407,143361.py,9,389
all_py,1407,144214.py,11,448
all_py,1407,143686.py,11,488
all_py,1407,143320.py,12,532
all_py,1407,792108.py,30,585
all_py,1408,731206.py,26,743
all_py,1408,731509.py,34,921
all_py,1408,149150.py,27,1046
all_py,1408,148662.py,40,1172
all_py,1408,796416.py,69,1857
all_py,1411,796473.py,9,251
all_py,1411,768385.py,9,260
all_py,1411,710873.py,13,471
all_py,1411,139194.py,20,608
all_py,1411,767285.py,91,1794
all_py,1412,723149.py,8,278
all_py,1414,797067.py,41,999
all_py,1414,782817.py,40,1051
all_py,1415,714252.py,11,313
all_py,1415,742777.py,14,408
all_py,1415,797068.py,18,471
all_py,1444,136082.py,6,232
all_py,1444,137071.py,12,387
all_py,1444,137366.py,21,469
all_py,1444,136560.py,20,623
all_py,1444,136293.py,34,909
all_py,1445,768814.py,28,480
all_py,1445,798813.py,21,498
all_py,1448,721371.py,27,562
all_py,1448,768815.py,30,658
all_py,1448,798809.py,35,832
all_py,1449,745593.py,5,275
all_py,1449,720838.py,13,316
all_py,1449,148533.py,10,386
all_py,1449,148516.py,11,466
all_py,1449,711238.py,24,644
all_py,1450,695215.py,4,218
all_py,1450,720840.py,11,280
all_py,1450,143598.py,9,356
all_py,1450,143595.py,9,377
all_py,1450,712404.py,20,572
all_py,1452,130380.py,19,668
all_py,1452,798842.py,28,675
all_py,1453,781586.py,25,1210
all_py,1454,714503.py,24,566
all_py,1454,714467.py,17,804
all_py,1454,715845.py,39,960
all_py,1454,717550.py,34,1130
all_py,1454,759908.py,65,1486
all_py,1457,779424.py,17,466
all_py,1457,779271.py,16,533
all_py,1457,779472.py,21,588
all_py,1457,779050.py,29,644
all_py,1457,778964.py,33,825
all_py,1461,711515.py,9,332
all_py,1461,137092.py,17,460
all_py,1461,711434.py,16,500
all_py,1461,135801.py,24,565
all_py,1461,136986.py,31,808
all_py,1467,701482.py,16,530
all_py,1467,131814.py,17,695
all_py,1468,776884.py,11,533
all_py,1468,130391.py,25,719
all_py,1468,720657.py,36,841
all_py,1468,720155.py,28,980
all_py,1468,716092.py,63,1802
all_py,1525,781734.py,13,508
all_py,1525,782387.py,25,776
all_py,1525,752108.py,31,891
all_py,1525,744104.py,57,1134
all_py,1525,782502.py,58,1767
all_py,1526,130225.py,6,243
all_py,1526,785986.py,12,331
all_py,1526,798872.py,13,396
all_py,1526,721018.py,17,472
all_py,1536,798899.py,25,622
all_py,1536,723145.py,31,708
all_py,1549,130207.py,15,420
all_py,1549,743575.py,19,524
all_py,1549,743737.py,19,617
all_py,1549,744105.py,18,672
all_py,1549,743618.py,9,972
all_py,1550,799502.py,32,1061
all_py,1550,799336.py,33,1075
all_py,1550,799354.py,43,1168
all_py,1550,712073.py,39,1368
all_py,1550,799791.py,42,1379
all_py,1551,713425.py,29,741
all_py,1551,130208.py,25,750
all_py,1553,698179.py,23,954
all_py,1560,714016.py,10,382
all_py,1567,728658.py,17,542
all_py,1567,724799.py,23,591
all_py,1568,720656.py,35,884
all_py,1568,718934.py,37,989
all_py,1568,716604.py,39,1033
all_py,1568,720548.py,43,1132
all_py,1568,719210.py,47,1205
all_py,1574,748691.py,27,597
all_py,1574,128616.py,35,770
all_py,1575,698182.py,24,559
all_py,1581,720363.py,15,347
all_py,1588,144280.py,9,328
all_py,1588,706727.py,8,373
all_py,1588,143787.py,9,388
all_py,1588,143673.py,11,463
all_py,1588,143958.py,27,723
all_py,1598,139220.py,15,499
all_py,1598,706654.py,23,889
all_py,1598,703072.py,41,1020
all_py,1598,709080.py,43,1179
all_py,1598,709479.py,68,1820
all_py,1608,766780.py,31,662
all_py,1608,712077.py,39,735
all_py,1636,782352.py,40,1356
all_py,1699,133126.py,27,703
all_py,1699,778391.py,34,852
all_py,1699,778608.py,27,898
all_py,1699,777524.py,33,1036
all_py,1699,778560.py,64,1617
all_py,1700,698232.py,10,254
all_py,1701,698233.py,23,673
all_py,1702,714003.py,58,1775
all_py,1713,150007.py,6,175
all_py,1713,135474.py,8,223
all_py,1713,790570.py,10,247
all_py,1713,134597.py,11,266
all_py,1713,762223.py,23,459
all_py,1714,688692.py,25,737
all_py,1714,128601.py,28,749
all_py,1715,729113.py,18,399
all_py,1715,733207.py,27,535
all_py,1715,733041.py,21,582
all_py,1715,728402.py,33,604
all_py,1715,733459.py,54,885
all_py,1723,131302.py,5,251
all_py,1723,131626.py,13,387
all_py,1723,131525.py,15,448
all_py,1723,131684.py,17,475
all_py,1723,131587.py,21,655
all_py,1724,131831.py,7,210
all_py,1724,771814.py,11,226
all_py,1724,136281.py,8,256
all_py,1724,131741.py,10,310
all_py,1724,710997.py,18,399
all_py,1725,131304.py,9,237
all_py,1725,131632.py,9,302
all_py,1725,131675.py,13,338
all_py,1725,131530.py,13,397
all_py,1725,131526.py,19,510
all_py,1726,775405.py,9,306
all_py,1726,131529.py,11,394
all_py,1726,723585.py,17,440
all_py,1726,775866.py,20,485
all_py,1726,131666.py,27,680
all_py,1739,136963.py,9,350
all_py,1739,696341.py,29,602
all_py,1739,798820.py,23,628
all_py,1739,694719.py,32,811
all_py,1739,792117.py,56,965
all_py,1746,696432.py,39,1024
all_py,1746,725199.py,33,1254
all_py,1746,721271.py,55,1294
all_py,1747,713426.py,33,804
all_py,1763,698246.py,12,405
all_py,1763,146011.py,16,482
all_py,1763,145821.py,25,593
all_py,1763,145939.py,21,630
all_py,1763,146150.py,31,980
all_py,1847,704346.py,9,275
all_py,1847,714299.py,12,427
all_py,1847,714849.py,16,461
all_py,1847,707050.py,16,537
all_py,1847,714267.py,29,1000
all_py,1848,709150.py,13,471
all_py,1848,695171.py,42,946
all_py,1848,698106.py,34,1027
all_py,1848,787430.py,56,1228
all_py,1848,697145.py,18,1438
all_py,1873,714020.py,13,412
all_py,1874,714021.py,11,456
all_py,1874,767403.py,38,1116
all_py,1875,713568.py,23,767
all_py,1876,714024.py,16,576
all_py,1876,761666.py,34,608
all_py,1888,685899.py,33,1137
all_py,1888,686082.py,46,1568
all_py,1888,686494.py,39,1599
all_py,1888,681527.py,53,1673
all_py,1888,681865.py,44,1731
all_py,1894,771675.py,1,111
all_py,1894,687144.py,9,231
all_py,1894,770615.py,8,287
all_py,1894,770994.py,9,343
all_py,1894,770526.py,15,583
all_py,1902,712377.py,1,98
all_py,1902,712624.py,11,254
all_py,1902,712869.py,17,360
all_py,1902,773825.py,15,455
all_py,1902,740261.py,45,1328
all_py,1904,802367.py,3,125
all_py,1904,682473.py,7,179
all_py,1904,683494.py,10,214
all_py,1904,684234.py,21,284
all_py,1904,682386.py,17,489
all_py,1905,681935.py,4,148
all_py,1905,693907.py,9,163
all_py,1905,682722.py,14,214
all_py,1905,683224.py,9,248
all_py,1905,683436.py,26,405
all_py,1906,802324.py,2,97
all_py,1906,681925.py,5,176
all_py,1906,683229.py,9,265
all_py,1906,684906.py,8,306
all_py,1906,683473.py,18,355
all_py,1907,681592.py,6,221
all_py,1907,682066.py,9,242
all_py,1907,682175.py,9,275
all_py,1907,683531.py,17,312
all_py,1907,684038.py,25,704
all_py,1908,707378.py,7,226
all_py,1908,766794.py,11,319
all_py,1952,698088.py,6,295
all_py,1952,748908.py,15,336
all_py,1952,796958.py,11,400
all_py,1952,796961.py,9,417
all_py,1952,796965.py,10,436
all_py,1953,743178.py,4,186
all_py,1953,781005.py,18,624
all_py,1953,781010.py,20,836
all_py,1953,722054.py,29,979
all_py,1953,744305.py,30,1456
all_py,1954,743373.py,9,375
all_py,1954,743803.py,16,458
all_py,1954,744152.py,16,512
all_py,1954,742910.py,20,560
all_py,1954,744002.py,31,868
all_py,1955,743808.py,14,370
all_py,1955,743005.py,17,455
all_py,1955,743232.py,21,481
all_py,1955,743406.py,19,500
all_py,1955,743586.py,34,661
all_py,1956,720918.py,28,706
all_py,1970,713179.py,12,364
all_py,1971,712520.py,12,253
all_py,1972,739275.py,11,308
all_py,1972,741718.py,17,597
all_py,1972,739537.py,24,620
all_py,1972,739660.py,24,698
all_py,1972,739062.py,46,913
all_py,1980,743215.py,22,628
all_py,1980,712117.py,24,692
all_py,1980,798642.py,19,694
all_py,1980,774338.py,49,1525
all_py,1995,754984.py,13,409
all_py,1995,756389.py,21,531
all_py,1995,753235.py,28,617
all_py,1995,753199.py,34,675
all_py,1995,753352.py,47,1035
all_py,1996,756637.py,6,312
all_py,1996,755528.py,16,435
all_py,1996,755100.py,23,479
all_py,1996,754674.py,27,531
all_py,1996,754037.py,53,755
all_py,1997,702827.py,18,764
all_py,2001,714162.py,12,345
all_py,2001,701767.py,18,394
all_py,2001,703761.py,18,532
all_py,2002,703651.py,8,277
all_py,2002,704199.py,10,322
all_py,2002,702240.py,29,435
all_py,2002,703206.py,24,541
all_py,2002,766788.py,28,663
all_py,2013,701558.py,32,1392
all_py,2014,703452.py,8,247
all_py,2014,703730.py,10,279
all_py,2014,701805.py,11,356
all_py,2014,701256.py,13,387
all_py,2014,704769.py,19,589
all_py,2015,766779.py,22,579
all_py,2015,707258.py,31,630
all_py,2029,705463.py,37,1367
all_py,2030,798692.py,10,207
all_py,2030,711385.py,8,249
all_py,2037,713922.py,29,739
all_py,2062,697206.py,33,483
all_py,2062,713131.py,16,490
all_py,2062,714755.py,19,518
all_py,2092,781661.py,47,1429
all_py,2094,781660.py,50,1042
all_py,2112,747759.py,14,593
all_py,2112,748041.py,25,659
all_py,2112,747665.py,25,715
all_py,2112,748075.py,21,814
all_py,2112,748324.py,42,1089
all_py,2114,705283.py,9,272
all_py,2114,706199.py,11,328
all_py,2114,777993.py,12,352
all_py,2114,777836.py,18,396
all_py,2114,707401.py,27,677
all_py,2135,783502.py,24,613
all_py,2135,797123.py,26,623
all_py,2135,797127.py,28,685
all_py,2135,797126.py,33,742
all_py,2135,783428.py,35,890
all_py,2136,783460.py,25,756
all_py,2136,783408.py,27,757
all_py,2136,783547.py,41,1063
all_py,2136,783324.py,43,1151
all_py,2136,801258.py,46,1215
all_py,2143,702018.py,3,185
all_py,2143,701541.py,5,249
all_py,2143,701348.py,5,266
all_py,2143,701932.py,6,312
all_py,2143,695218.py,18,610
all_py,2146,739287.py,17,296
all_py,2146,736120.py,17,410
all_py,2146,740134.py,13,470
all_py,2146,741265.py,22,595
all_py,2146,722069.py,73,1143
all_py,2147,682639.py,30,728
all_py,2147,786893.py,21,783
all_py,2147,683801.py,31,863
all_py,2147,713584.py,41,1091
all_py,2148,722230.py,6,278
all_py,2148,775833.py,12,471
all_py,2148,722028.py,20,548
all_py,2148,775535.py,30,653
all_py,2148,775784.py,42,992
all_py,2149,779235.py,7,241
all_py,2149,721458.py,19,360
all_py,2149,721495.py,15,401
all_py,2149,779402.py,22,436
all_py,2149,767167.py,28,624
all_py,2150,711513.py,7,272
all_py,2150,711452.py,11,522
all_py,2150,711649.py,19,586
all_py,2150,711659.py,21,669
all_py,2150,711667.py,42,922
all_py,2175,697230.py,10,351
all_py,2175,713566.py,17,473
all_py,2176,707659.py,5,272
all_py,2176,781665.py,8,401
all_py,2177,774240.py,20,526
all_py,2177,724496.py,25,940
all_py,2178,704351.py,6,172
all_py,2178,773211.py,9,274
all_py,2178,772820.py,10,313
all_py,2178,705898.py,16,411
all_py,2178,773983.py,38,971
all_py,2207,767815.py,4,137
all_py,2207,768115.py,5,200
all_py,2207,767736.py,6,231
all_py,2207,768181.py,6,242
all_py,2207,768196.py,15,658
all_py,2208,696015.py,3,122
all_py,2209,798817.py,5,189
all_py,2209,696016.py,7,262
all_py,2210,768670.py,6,218
all_py,2210,768487.py,15,337
all_py,2210,730517.py,15,393
all_py,2210,774585.py,20,442
all_py,2210,768609.py,40,1413
all_py,2211,696022.py,14,237
all_py,2211,766781.py,10,267
all_py,2212,702441.py,10,419
all_py,2212,701970.py,9,563
all_py,2212,771157.py,17,679
all_py,2212,714099.py,39,990
all_py,2213,770067.py,13,448
all_py,2213,701671.py,18,591
all_py,2213,770241.py,22,666
all_py,2213,742696.py,44,1378
all_py,2216,720932.py,14,462
all_py,2216,781651.py,12,593
all_py,2288,720265.py,33,697
all_py,2288,775616.py,27,831
all_py,2288,719603.py,59,1295
all_py,2288,718230.py,22,1809
all_py,2318,768116.py,4,159
all_py,2318,768117.py,4,182
all_py,2318,768277.py,7,257
all_py,2318,768047.py,11,426
all_py,2319,697520.py,27,744
all_py,2320,776355.py,13,411
all_py,2320,776528.py,16,478
all_py,2320,776325.py,17,536
all_py,2320,776169.py,26,607
all_py,2321,731704.py,45,1029
all_py,2321,730102.py,26,1154
all_py,2321,735011.py,51,1248
all_py,2321,734636.py,58,1378
all_py,2324,697521.py,27,870
all_py,2324,801385.py,26,981
all_py,2324,786543.py,46,985
all_py,2324,694176.py,63,1495
all_py,2325,736940.py,32,834
all_py,2325,736227.py,39,1070
all_py,2335,713960.py,22,1141
all_py,2335,717810.py,31,1242
all_py,2335,713451.py,42,1281
all_py,2335,716725.py,60,1591
all_py,2336,748015.py,18,528
all_py,2336,748014.py,21,573
all_py,2336,737416.py,32,673
all_py,2336,736232.py,35,763
all_py,2337,781286.py,10,303
all_py,2338,720426.py,31,676
all_py,2339,747905.py,18,466
all_py,2339,737438.py,26,515
all_py,2339,730792.py,22,602
all_py,2339,736641.py,27,758
all_py,2340,707662.py,22,714
all_py,2393,795945.py,28,981
all_py,2393,697400.py,23,1037
all_py,2393,721434.py,39,1095
all_py,2393,747857.py,36,1238
all_py,2403,714052.py,17,454
all_py,2403,763571.py,18,524
all_py,2403,708284.py,22,588
all_py,2403,764449.py,35,635
all_py,2404,782820.py,61,1493
all_py,2414,705396.py,10,280
all_py,2414,801387.py,12,336
all_py,2414,782157.py,22,473
all_py,2414,771808.py,28,727
all_py,2415,739426.py,4,222
all_py,2415,739574.py,5,262
all_py,2415,739201.py,10,334
all_py,2415,739606.py,17,553
all_py,2416,736340.py,57,1490
all_py,2416,737595.py,53,1609
all_py,2417,782153.py,17,386
all_py,2417,697844.py,17,505
all_py,2417,801389.py,16,565
all_py,2417,766182.py,35,786
all_py,2419,775429.py,6,310
all_py,2419,775474.py,20,486
all_py,2419,775754.py,19,579
all_py,2419,798738.py,35,860
all_py,2424,714701.py,42,1408
all_py,2448,696442.py,13,272
all_py,2448,696452.py,14,286
all_py,2448,709171.py,8,364
all_py,2448,793349.py,17,376
all_py,2449,696421.py,13,796
all_py,2449,789651.py,40,965
all_py,2450,681932.py,19,676
all_py,2450,683550.py,29,889
all_py,2450,683572.py,36,1062
all_py,2450,682664.py,37,1109
all_py,2451,696458.py,28,643
all_py,2451,695980.py,37,712
all_py,2452,696422.py,25,1254
all_py,2459,696423.py,21,737
all_py,2460,696424.py,13,385
all_py,2460,701490.py,19,508
all_py,2460,762220.py,35,712
all_py,2461,696425.py,6,289
all_py,2461,696461.py,8,330
all_py,2461,696541.py,8,361
all_py,2462,696457.py,10,290
all_py,2462,696455.py,11,327
all_py,2462,801391.py,11,330
all_py,2462,770445.py,16,391
all_py,2468,713730.py,2,72
all_py,2468,801392.py,3,96
all_py,2468,761664.py,12,190
all_py,2471,696426.py,16,517
all_py,2471,696454.py,17,556
all_py,2473,711030.py,17,618
all_py,2474,766973.py,21,728
all_py,2477,718769.py,6,332
all_py,2478,730481.py,7,201
all_py,2478,766790.py,10,202
all_py,2478,695954.py,8,264
all_py,2478,793013.py,13,328
all_py,2494,695957.py,15,487
all_py,2494,771810.py,20,543
all_py,2507,697516.py,15,495
all_py,2507,796877.py,23,532
all_py,2507,796939.py,25,575
all_py,2507,796949.py,25,602
all_py,2508,695962.py,12,437
all_py,2531,683935.py,14,507
all_py,2531,720811.py,19,521
all_py,2532,779351.py,12,407
all_py,2532,779563.py,15,476
all_py,2532,779641.py,22,592
all_py,2532,778848.py,28,713
all_py,2533,684030.py,4,215
all_py,2533,788733.py,14,453
all_py,2533,713578.py,20,592
all_py,2534,759932.py,18,619
all_py,2534,759989.py,19,622
all_py,2534,720813.py,50,1073
all_py,2535,799066.py,5,127
all_py,2535,761575.py,5,135
all_py,2535,801228.py,5,143
all_py,2535,701493.py,8,204
all_py,2536,786289.py,7,285
all_py,2536,701494.py,9,307
all_py,2537,701496.py,11,336
all_py,2537,786281.py,11,386
all_py,2538,701499.py,4,182
all_py,2538,721919.py,4,201
all_py,2538,726297.py,6,302
all_py,2538,721375.py,20,354
all_py,2539,793639.py,8,200
all_py,2539,701500.py,8,231
all_py,2539,801362.py,22,641
all_py,2540,711034.py,17,792
all_py,2541,703034.py,6,172
all_py,2542,701501.py,10,248
all_py,2543,696163.py,8,233
all_py,2543,793413.py,15,295
all_py,2543,793417.py,15,361
all_py,2543,793636.py,22,498
all_py,2544,696559.py,9,311
all_py,2544,711035.py,8,365
all_py,2552,703048.py,12,372
all_py,2559,781834.py,7,210
all_py,2559,711037.py,7,245
all_py,2560,797258.py,6,295
all_py,2560,715646.py,10,313
all_py,2560,797245.py,21,495
all_py,2560,753868.py,47,1743
all_py,2563,711038.py,7,273
all_py,2563,753870.py,50,1817
all_py,2578,699926.py,18,675
all_py,2578,713092.py,23,721
all_py,2579,722293.py,6,209
all_py,2579,708949.py,14,361
all_py,2579,722417.py,13,401
all_py,2579,781839.py,27,448
all_py,2593,701893.py,38,777
all_py,2593,701886.py,37,866
all_py,2593,734648.py,38,925
all_py,2593,799463.py,40,983
all_py,2594,717722.py,23,468
all_py,2594,683632.py,15,505
all_py,2594,742807.py,38,1103
all_py,2595,723835.py,27,555
all_py,2595,683742.py,25,617
all_py,2595,717398.py,29,635
all_py,2595,766782.py,25,747
all_py,2596,717656.py,31,597
all_py,2596,781844.py,27,701
all_py,2596,697213.py,23,713
all_py,2602,781851.py,26,456
all_py,2602,695843.py,14,487
all_py,2627,696560.py,30,780
all_py,2627,781858.py,33,894
all_py,2627,742952.py,29,913
all_py,2627,775634.py,43,1022
all_py,2628,716580.py,20,594
all_py,2628,717080.py,29,818
all_py,2628,717770.py,44,1436
all_py,2628,717040.py,78,1822
all_py,2629,722663.py,8,318
all_py,2629,722248.py,10,347
all_py,2629,768728.py,11,506
all_py,2629,774328.py,18,573
all_py,2630,788378.py,22,611
all_py,2630,781862.py,22,692
all_py,2630,713224.py,34,713
all_py,2630,788219.py,27,788
all_py,2631,722289.py,16,532
all_py,2631,774330.py,38,933
all_py,2631,785869.py,41,1514
all_py,2655,695143.py,15,444
all_py,2655,697513.py,22,472
all_py,2655,695141.py,31,646
all_py,2655,694667.py,24,685
all_py,2656,695662.py,10,339
all_py,2656,798459.py,9,342
all_py,2656,695139.py,11,407
all_py,2656,697512.py,10,434
all_py,2657,715654.py,10,370
all_py,2657,766190.py,12,371
all_py,2657,695663.py,11,394
all_py,2658,714858.py,11,333
all_py,2658,695136.py,11,349
all_py,2658,781880.py,14,404
all_py,2659,799436.py,19,492
all_py,2659,654399.py,30,607
all_py,2659,721307.py,20,673
all_py,2659,654428.py,31,773
all_py,2692,751949.py,16,567
all_py,2692,750571.py,27,668
all_py,2692,751998.py,30,778
all_py,2692,751996.py,33,878
all_py,2693,752018.py,18,693
all_py,2693,752104.py,24,773
all_py,2693,751918.py,37,926
all_py,2693,751913.py,38,1387
all_py,2694,749904.py,19,556
all_py,2694,751826.py,25,642
all_py,2694,751706.py,29,730
all_py,2694,751690.py,42,1270
all_py,2695,751774.py,19,613
all_py,2695,751651.py,17,643
all_py,2695,751713.py,33,748
all_py,2695,751642.py,40,1117
